trader_user_id,trader_nick_name,trader_level,follow_count,max_follow_count,total_return_rate,three_weeks_pnl,distribute_ratio,profile,detail_url
1353815507,Wealth Helmsman,5,791,800,725.23,1561739.96,0.2,"In trading, only by proceeding step by step and steadily can one ultimately succeed.",https://www.weex.com/copy-trading/trader/1353815507
4218190298,May all who come prosper,5,206,800,4205.26,1031894.52,0.2,,https://www.weex.com/copy-trading/trader/4218190298
6939494602,Eucommia,5,478,800,233.94,143148.49,0.2,,https://www.weex.com/copy-trading/trader/6939494602
7834689221,Normal Heart Healthy Brother,5,789,800,652.21,59702.27,0.2,"Ten years of experience in cryptocurrency trading. I'm committed to protecting my capital. Opportunities are for those who are prepared; don't rush things. $2,000, 1:1 copy trading.",https://www.weex.com/copy-trading/trader/7834689221
6563101747,The great road is right beneath your feet.,1,22,100,11.74,29107.35,0.1,,https://www.weex.com/copy-trading/trader/6563101747
5089379522,galloping on horseback,2,53,200,272.53,19744.45,0.1,,https://www.weex.com/copy-trading/trader/5089379522
2832537696,Mr. Good,5,123,800,266.03,18429.76,0.2,"Fixed-ratio copy trading: 1,000 USDT follows 0.05 times, and so on... The initial capital of 10,000 USDT has now tripled, and the target for 2026 is to triple it 50 times!",https://www.weex.com/copy-trading/trader/2832537696
2461602878,Listen to the wind,2,177,200,441.78,15958.25,0.1,"I personally recommend following orders at a fixed ratio of 500 to 10U, watching the market 24 hours a day, and you can rest assured that you will make money.",https://www.weex.com/copy-trading/trader/2461602878
7908297703,Wood Forest 1,2,5,200,-53.70,11491.43,0.1,,https://www.weex.com/copy-trading/trader/7908297703
6965323543,Mumumu,1,5,100,-6.25,10660.73,0.1,,https://www.weex.com/copy-trading/trader/6965323543
5443785778,Jinmu will not trade.,4,209,500,3.82,10102.79,0.2,"With a principal of 5000u, the maximum potential return is 95,000. For copy trading, please use a fixed ratio: 500u 0.1x, 1000u 0.2x, and so on.",https://www.weex.com/copy-trading/trader/5443785778
1174141687,No no no,3,2,300,-14.41,8980.60,0.1,,https://www.weex.com/copy-trading/trader/1174141687
1799461742,JustBFreeFamily,2,15,200,10.44,4982.66,0.2,Join the Just B Free Family!,https://www.weex.com/copy-trading/trader/1799461742
6744890127,qq4****@163.com,2,13,200,41.69,4689.76,0.1,,https://www.weex.com/copy-trading/trader/6744890127
7607586281,Morning and evening,1,5,100,28.30,4477.67,0.1,"For intraday short-term trading, take profits when appropriate and strictly use stop-loss orders to avoid black swan events that could lead to account liquidation. Fixed-ratio copy trading: 200 for the lead account, 1000 for copy trading, with a 5x leverage option.",https://www.weex.com/copy-trading/trader/7607586281
7216746409,Lin Feng,1,12,100,754.52,3880.41,0.1,,https://www.weex.com/copy-trading/trader/7216746409
2939975401,Raising Star ✨,1,2,100,415.40,3078.09,0.1,,https://www.weex.com/copy-trading/trader/2939975401
4999126040,This puts me,4,72,500,7.59,2898.65,0.2,100u fixed 5u and so on,https://www.weex.com/copy-trading/trader/4999126040
7672587297,Quick battle to defend the sky,2,27,200,0.23,2802.97,0.1,"With a long-held ambition to soar to the clouds, I once again ascend Jinggang Mountain. Nothing in this world is difficult if you set your mind to it. 1000u = 1 to 1",https://www.weex.com/copy-trading/trader/7672587297
8004555127,millionaire Btc,2,74,200,8.46,2453.45,0.1,I am a professional crypto traders Since 2016.,https://www.weex.com/copy-trading/trader/8004555127
9363879108,Grapefruit Alliance Community B,3,23,300,39.76,2131.38,0.1,"Position size 10,000 USDT, leverage 50-100 times, set up the entry ratio accordingly, steady and long-term investment, players with some capital, let's get rich together!",https://www.weex.com/copy-trading/trader/9363879108
8276027193,Song Xiaobao,1,12,100,11.85,2054.80,0.1,"A basic account with 1000u (user ID) allows for quick entry and exit, earning 4-5% commission, primarily through rebates. Community rebate: 65% (user ID 1). Contact: 3082888825. Welcome home!",https://www.weex.com/copy-trading/trader/8276027193
9389700981,Simple,1,8,100,5.30,1863.80,0.1,,https://www.weex.com/copy-trading/trader/9389700981
7539587829,Falcondao,2,37,200,13.26,1448.50,0.1,"1000U 1x 10000U 10x The order follower has already used 50,000U to follow orders without holding onto them.",https://www.weex.com/copy-trading/trader/7539587829
6896838593,"Tears soaked the pig's trotter rice, vowing to make a million this year",2,1,200,7.57,1442.05,0.1,"The main strategy is to achieve a tenfold return on investment in ultra-short-term trading. The principal has already been withdrawn, and the current position is 4500 USDT. It is crucial to trade proportionally to your principal and use stop-loss orders to allow profits to run.",https://www.weex.com/copy-trading/trader/6896838593
1020588941,Top,1,6,100,72.05,1294.81,0.1,,https://www.weex.com/copy-trading/trader/1020588941
4915170080,Hongyang Community,1,4,100,30.40,1036.84,0.1,,https://www.weex.com/copy-trading/trader/4915170080
5902056778,White Short-term Trading,2,53,200,2.75,925.59,0.1,"Trend ultra-short-term mode, main perspectives: determine trends and key points at the mid-level, find entry points at the small level, and combine price behavior, trading volume, and CDV.",https://www.weex.com/copy-trading/trader/5902056778
3063027241,Trend Quantification,1,2,100,0.65,789.98,0.1,500u follows one to one,https://www.weex.com/copy-trading/trader/3063027241
4879997759,160****@qq.com,2,1,200,1.95,708.99,0.1,,https://www.weex.com/copy-trading/trader/4879997759
8754471467,Scalp Trades with BC,3,41,300,0.09,606.33,0.1,Dedicated to scalping BTC,https://www.weex.com/copy-trading/trader/8754471467
1243752944,Walk with me,5,418,800,133.50,574.99,0.2,"Seize the day, not the hour!",https://www.weex.com/copy-trading/trader/1243752944
1819789692,Taking a second wife (remaining calm in the face of danger),2,6,200,244.59,548.39,0.1,,https://www.weex.com/copy-trading/trader/1819789692
5319513486,BleedingCrypto2,3,61,300,0.60,475.83,0.15,Do not follow unless you are in my Telegram channe,https://www.weex.com/copy-trading/trader/5319513486
9540152486,"Seeking stability, only stability.",2,1,200,-7.65,439.48,0.1,1000u 1:1,https://www.weex.com/copy-trading/trader/9540152486
2874174101,Pony 007,5,265,800,-7.66,414.05,0.2,Some people were born in Rome. We have to go to Rome even if we have to crawl.,https://www.weex.com/copy-trading/trader/2874174101
7904655722,Warehouse Turnover Diary,1,1,100,22.20,317.55,0.1,,https://www.weex.com/copy-trading/trader/7904655722
9889609849,158****2144,2,11,200,403.35,296.00,0.1,,https://www.weex.com/copy-trading/trader/9889609849
5106099483,Winning in all directions,5,578,800,47.12,284.60,0.2,"Market conditions change daily, but consistent profitability isn't based on luck. It's about trading professionally and mentoring users responsibly.",https://www.weex.com/copy-trading/trader/5106099483
2748532856,The Eagle's Embrace,1,8,100,3.68,268.73,0.1,"Starting with 500u, I'm challenging myself. I'll primarily play alone, but will offer 1-on-1 copy trading if needed. Currently at 865u.",https://www.weex.com/copy-trading/trader/2748532856
1914571300,Barok,2,33,200,-1.38,239.79,0.1,Kasanın %10 ile marjin gir ve stop belirleme,https://www.weex.com/copy-trading/trader/1914571300
7383814444,KAMIKAZE,1,4,100,-1.64,238.05,0.1,,https://www.weex.com/copy-trading/trader/7383814444
8926803068,Luo Yun (organization),1,10,100,41.00,217.09,0.1,Luo Yun (organization),https://www.weex.com/copy-trading/trader/8926803068
1890677675,Tao follows nature ~ BTC,2,3,200,14.83,203.68,0.1,"Hey everyone, I'm a seasoned crypto newbie! I've made it this far, and I'm still in the game! Let's get this going, guys!",https://www.weex.com/copy-trading/trader/1890677675
9965058234,Earn a million,1,12,100,144.49,201.80,0.1,"Choose a fixed investment strategy based on your principal, manage your position size carefully, and aim for steady profits. Your target is one million.",https://www.weex.com/copy-trading/trader/9965058234
9608719820,Meng Zezeze,2,8,200,0.88,157.50,0.1,"A fixed ratio of 0.2 is set for 100 units of principal; 0.4 is set for 200 units, and so on.",https://www.weex.com/copy-trading/trader/9608719820
6068694899,zyy****@163.com,1,36,100,542.44,153.92,0.1,,https://www.weex.com/copy-trading/trader/6068694899
3296447760,Get rich,3,234,300,496.44,153.55,0.1,"Focus on ETH, follow orders and you will get rich, the goal is 10,000 times!",https://www.weex.com/copy-trading/trader/3296447760
3257689236,Wang Bold,1,5,100,-0.39,151.28,0.1,,https://www.weex.com/copy-trading/trader/3257689236
1316522224,shakerclub,1,11,100,-5.92,132.28,0.1,,https://www.weex.com/copy-trading/trader/1316522224
2291266043,BATMAN,1,5,100,2.19,124.41,0.1,,https://www.weex.com/copy-trading/trader/2291266043
1391841804,BTC Soaring,4,1,500,78.59,121.42,0.15,"For every 10,000 units of USDT traded, a stop-loss order is mandatory. For BTC, ETH, and SOLDOG, please ask questions promptly and ensure the correct ratio is set.",https://www.weex.com/copy-trading/trader/1391841804
8175276198,I'm not a stock market guru.,2,1,200,1.17,106.58,0.1,,https://www.weex.com/copy-trading/trader/8175276198
5452595829,SYNX,5,9,800,0.42,103.40,0.2,SYNX AI TRADING,https://www.weex.com/copy-trading/trader/5452595829
8211493088,Bitcoin Brother Chen,4,3,500,40.57,102.79,0.15,"Follow the 20,000 USDT strategy with a 1x leverage ratio, avoid heavy positions, set a stop-loss at 1500 points, and refrain from making arbitrary trades. Use a compound interest model to double your investment monthly.",https://www.weex.com/copy-trading/trader/8211493088
6661042959,KB02,2,19,200,0.74,99.93,0.1,,https://www.weex.com/copy-trading/trader/6661042959
2925211597,BleedingCrypto,4,337,500,0.64,95.79,0.15,welcome to BC,https://www.weex.com/copy-trading/trader/2925211597
6243097901,Dark horse must be popular,1,1,100,-0.28,95.61,0.1,Keep up!!!,https://www.weex.com/copy-trading/trader/6243097901
6491515786,Thank you thank you thank you thank you thank you thank you thank you,3,3,300,-1.24,87.61,0.1,With order with order with order,https://www.weex.com/copy-trading/trader/6491515786
6450554164,SOLONLY,3,2,300,306.43,81.59,0.1,,https://www.weex.com/copy-trading/trader/6450554164
2385398520,AtlantisTrading,2,57,200,-1.12,80.48,0.1,Official Atlantis Copy Trading Account,https://www.weex.com/copy-trading/trader/2385398520
1764311807,Reborn as the sixth-ranking person in the crypto world,2,3,200,29.37,53.16,0.1,"If you are interested in copying my trades, please set a fixed percentage for yourself, which should be 3% to 5% of your trading capital (remember this). Please follow my lead regarding leverage.",https://www.weex.com/copy-trading/trader/1764311807
1694385053,Abhi123,2,2,200,10.47,46.48,0.1,Traders,https://www.weex.com/copy-trading/trader/1694385053
7236991191,Trader Crypto,2,13,200,5.80,45.03,0.2,,https://www.weex.com/copy-trading/trader/7236991191
1174417822,A life of lying flat,2,2,200,1.70,36.29,0.1,"Pursuing high win rate, low position size, and rapid compounding",https://www.weex.com/copy-trading/trader/1174417822
9249755761,Earn a million this year!,1,3,100,105.98,35.22,0.1,"Short-term trading is all about speed, but winning requires the right mindset.",https://www.weex.com/copy-trading/trader/9249755761
3727159133,ZentrixXBT,5,29,800,15.69,30.77,0.2,,https://www.weex.com/copy-trading/trader/3727159133
7688819593,ICT Quantitative Iron Wall Shield,4,0,500,-5.18,29.44,0.15,Institutional-grade ICT Quantitative Analysis | Sharpe 4.70 | 7.1% Drawdown | Walk-Forward Validated,https://www.weex.com/copy-trading/trader/7688819593
7808392745,Retracing the steps,2,232,200,-122.13,23.29,0.1,"My position is 10000u, and the leverage is 50-100 times. I will stop loss and resist orders, and set positions according to the proportion.",https://www.weex.com/copy-trading/trader/7808392745
1646402261,Love,1,88,100,1.29,22.53,0.1,,https://www.weex.com/copy-trading/trader/1646402261
1994238200,dialect,2,1,200,23.81,22.36,0.1,"This world has everything, except &quot;what ifs&quot;!",https://www.weex.com/copy-trading/trader/1994238200
1748560578,Mehdi azimi,2,23,200,3.78,20.80,0.1,classic patterns,https://www.weex.com/copy-trading/trader/1748560578
5326087425,Dragon Travels the World,2,183,200,171.75,15.10,0.1,"Low multiple, light position, and steady follow-up.",https://www.weex.com/copy-trading/trader/5326087425
3008507729,Stability is the bottom line,1,11,100,140.86,14.80,0.1,Slow and steady wins the race; avoiding being eliminated by the market is the key. The only thing we can control is our position size. Remember this! Remember this! Medium- to long-term investing is worthwhile!,https://www.weex.com/copy-trading/trader/3008507729
4204560512,Orders come in like magic,2,1,200,51.35,14.23,0.1,"8 years of trading experience, knows how to set stop-loss and take-profit orders, goal is to buy one pack of cigarettes a day.",https://www.weex.com/copy-trading/trader/4204560512
5007379497,Jiaduoduo,1,93,100,-2.23,11.51,0.1,,https://www.weex.com/copy-trading/trader/5007379497
6162913799,Trend Analysis,1,1,100,35.51,11.05,0.1,"Only trade Bitcoin and Bitcoin 2, follow the trader's leverage ratio of 1000 USDT to 2x, 10,000 USDT to 20x, and never hold onto losing positions.",https://www.weex.com/copy-trading/trader/6162913799
8867852561,TopBoss,5,161,800,2.03,9.62,0.2,,https://www.weex.com/copy-trading/trader/8867852561
8399117509,Chengcheng's small treasury,2,149,200,20.64,9.40,0.1,"Set your own ratio, 10 years of cryptocurrency trading, and you will understand it in one day",https://www.weex.com/copy-trading/trader/8399117509
7274846703,Li Li Li,1,2,100,5.38,7.84,0.1,,https://www.weex.com/copy-trading/trader/7274846703
5922221808,BTC Old Demon,4,1,500,50.03,6.82,0.15,"For every 10,000 units of USDT traded, a stop-loss order is mandatory. Trade BTCETHSOLXRP. Ask questions promptly. There's a point to consider.",https://www.weex.com/copy-trading/trader/5922221808
7085442668,Alvin,4,67,600,0.38,6.17,0.15,"8 years of experience, multiple trading championships, No. 1 in a certain exchange, with tens of millions of orders",https://www.weex.com/copy-trading/trader/7085442668
4819785181,moh****@live.com,4,28,500,4.12,5.56,0.15,,https://www.weex.com/copy-trading/trader/4819785181
7191407621,Aminos,2,164,200,67.02,5.43,0.1,"Top-tier strategy integration, only for members.",https://www.weex.com/copy-trading/trader/7191407621
7996149089,Trader Naman,5,11,800,6.00,5.18,0.2,,https://www.weex.com/copy-trading/trader/7996149089
5159016749,aab****@163.com,1,12,100,-6.34,4.37,0.1,,https://www.weex.com/copy-trading/trader/5159016749
2701768307,Those who travel ninety thousand miles to the south,2,0,200,-21.59,3.57,0.1,"Protect your account first, then try to make a profit.",https://www.weex.com/copy-trading/trader/2701768307
3113022549,Labub,1,61,100,9.51,2.71,0.1,,https://www.weex.com/copy-trading/trader/3113022549
1689923439,861****@qq.com,2,0,200,-2.26,2.66,0.1,,https://www.weex.com/copy-trading/trader/1689923439
6844566536,He Qianwan,3,7,300,-23.68,2.58,0.1,,https://www.weex.com/copy-trading/trader/6844566536
1102696331,Short-term technician,2,2,200,-46.97,2.57,0.1,"Short-term trading, real money at stake, more profits than losses, get on board now. Profit-taking can be as quick as an hour or as slow as within a day, with profits exceeding losses, as evidenced by past performance.",https://www.weex.com/copy-trading/trader/1102696331
2174385555,Dropping out of school to trade cryptocurrency,2,2,200,305.72,2.05,0.1,You can never earn money beyond what you know.,https://www.weex.com/copy-trading/trader/2174385555
4493554374,A Spring Blossoms,5,27,800,-2.37,1.79,0.2,"You can follow a trader by multiplying your capital. For example, with a capital of 1900, the follow setting is: your capital / 1900.",https://www.weex.com/copy-trading/trader/4493554374
1106101031,"500u, 2u each time, total not exceeding 10u",1,15,100,239.19,1.65,0.1,"Each trade should not exceed one percent of the total position, and the total position should not exceed two percent. Those who follow the trades should not place orders exceeding one percent of their position each time.",https://www.weex.com/copy-trading/trader/1106101031
7756046202,d_d****@yopmail.com,2,1,200,-0.23,1.35,0.1,,https://www.weex.com/copy-trading/trader/7756046202
9637713109,d_d****@yopmail.com,1,1,100,-14.77,0.25,0.1,,https://www.weex.com/copy-trading/trader/9637713109
6274205233,jwi****@gmail.com,2,1,200,2.38,0.11,0.1,Just casually stacking BTC,https://www.weex.com/copy-trading/trader/6274205233
1025242569,For An An,1,2,100,-29.40,0.00,0.1,,https://www.weex.com/copy-trading/trader/1025242569
1038389720,GIMMEDAT,1,0,100,-7.53,0.00,0.1,,https://www.weex.com/copy-trading/trader/1038389720
1110548714,Air Force Commander Lao Bai,3,3,300,-53.64,0.00,0.1,,https://www.weex.com/copy-trading/trader/1110548714
1220241382,131****1578,2,0,200,-0.54,0.00,0.1,,https://www.weex.com/copy-trading/trader/1220241382
1228338537,LUNC SNIPER,2,2,200,1.79,0.00,0.1,Lunc Classic Dao. Funded ICT Trader,https://www.weex.com/copy-trading/trader/1228338537
1231744663,BitTorrent,1,1,100,-90.12,0.00,0.1,,https://www.weex.com/copy-trading/trader/1231744663
1247070798,awefkwfk,2,2,200,1013.92,0.00,0.1,,https://www.weex.com/copy-trading/trader/1247070798
1249997170,Orchid Vip,2,3,200,1.94,0.00,0.1,,https://www.weex.com/copy-trading/trader/1249997170
1255172882,Make friends with time,1,2,100,-1.74,0.00,0.1,,https://www.weex.com/copy-trading/trader/1255172882
1346752676,Peerless Exquisite,1,11,100,-3.27,0.00,0.1,"2000 USDT initial capital for trading guidance. In a volatile market, stop-loss orders are not used unless a clear trend reversal is established. Excellent position management ensures a near 100% win rate and guaranteed profit.",https://www.weex.com/copy-trading/trader/1346752676
1362691089,Zerohedge,1,1,100,-6.17,0.00,0.1,,https://www.weex.com/copy-trading/trader/1362691089
1551236845,Zbyszek,3,0,300,-0.11,0.00,0.1,swinger on altcoins,https://www.weex.com/copy-trading/trader/1551236845
1552023150,Turtle Trading Rules,3,32,300,30.14,0.00,0.1,"It is recommended to use a fixed ratio to follow the trader's leverage of 10,000 and use a 1:1 ratio. Try to open 400 Bitcoins to prevent you from not keeping up.",https://www.weex.com/copy-trading/trader/1552023150
1588640753,Summit,3,106,300,290.11,0.00,0.1,"When copying a trader, first look at the trader's total profit and profit in the past three weeks. Only those with high profits will take each order seriously.",https://www.weex.com/copy-trading/trader/1588640753
1637750629,Steve Neeson,2,177,200,1641.61,0.00,0.1,"Ethereum's key support level is 2,946. If it breaks below this level, it could fall further to 2,800 to 2,500.",https://www.weex.com/copy-trading/trader/1637750629
1638574440,Profit Express,2,14,200,5.39,0.00,0.1,"Family Business :)

Risk What You Can Lose",https://www.weex.com/copy-trading/trader/1638574440
1663390050,sxs****@qq.com,1,0,100,-6.25,0.00,0.1,,https://www.weex.com/copy-trading/trader/1663390050
1724222656,134****1155,1,1,100,-190.96,0.00,0.1,1000u follow the proportion and make steady profits,https://www.weex.com/copy-trading/trader/1724222656
1785024439,TradingBlend,2,12,200,-22.42,0.00,0.1,,https://www.weex.com/copy-trading/trader/1785024439
1805190483,A newbie in the crypto world.,2,1,200,180.42,0.00,0.1,,https://www.weex.com/copy-trading/trader/1805190483
1818054700,Fishing Alone in the Snowy River,1,0,100,-4.85,0.00,0.1,,https://www.weex.com/copy-trading/trader/1818054700
1876487081,v86****@gmail.com,2,0,200,12.75,0.00,0.1,,https://www.weex.com/copy-trading/trader/1876487081
1893932713,AYA,2,0,200,4.53,0.00,0.1,"If there is a steady profit, you can close the position yourself",https://www.weex.com/copy-trading/trader/1893932713
1906582752,Gold Finger,1,0,100,-2.79,0.00,0.1,,https://www.weex.com/copy-trading/trader/1906582752
1957752643,Bit—Xiaowei,1,0,100,19.11,0.00,0.1,"Of all the waters in the world, I would only take a sip; of all the coins that float and sink, I would only cherish a single cake.",https://www.weex.com/copy-trading/trader/1957752643
2006843276,STC Trading,2,1,200,13.39,0.00,0.1,,https://www.weex.com/copy-trading/trader/2006843276
2025612876,pig feed basket,2,0,200,11.28,0.00,0.1,,https://www.weex.com/copy-trading/trader/2025612876
2053920902,Initial focus on Ethereum,1,0,100,10.89,0.00,0.1,Do every transaction carefully,https://www.weex.com/copy-trading/trader/2053920902
2175680129,pvc****@yopmail.com,4,0,500,-0.10,0.00,0.15,,https://www.weex.com/copy-trading/trader/2175680129
2287871335,soul,1,0,100,314.52,0.00,0.1,,https://www.weex.com/copy-trading/trader/2287871335
2330135837,jos****@gmail.com,3,4,300,-9.74,0.00,0.1,,https://www.weex.com/copy-trading/trader/2330135837
2334005093,youMoneY,2,0,200,155.26,0.00,0.1,,https://www.weex.com/copy-trading/trader/2334005093
2386038398,I love spicy noodles,2,1,200,-7.54,0.00,0.1,"Don't waste time when you are growing slowly, make steady profits, only play the mainstream, and pay attention to position management when following orders.",https://www.weex.com/copy-trading/trader/2386038398
2388146355,Very moisturizing,1,0,100,13.05,0.00,0.1,There are so many heroes in the world,https://www.weex.com/copy-trading/trader/2388146355
2391207905,k1m****@gmail.com,5,128,800,-85.03,0.00,0.2,,https://www.weex.com/copy-trading/trader/2391207905
2429632231,Bitcoin Soars,4,0,500,43.74,0.00,0.15,"Follow with a 20,000 USDT entry, stop loss at 1500 points. Don't trade recklessly. Only trade Bitcoin and Bitcoin 2. Those who understand will follow; those who don't will only follow the top three entries and end up with a margin call.",https://www.weex.com/copy-trading/trader/2429632231
2498918677,moh****@gmail.com,3,1,300,1.47,0.00,0.1,,https://www.weex.com/copy-trading/trader/2498918677
2512111978,Super Mule,3,0,300,9.44,0.00,0.1,The initial capital is only 2000u,https://www.weex.com/copy-trading/trader/2512111978
2542956806,d23,2,0,200,-55.23,0.00,0.1,,https://www.weex.com/copy-trading/trader/2542956806
2546657020,132****@163.com,2,0,200,84.56,0.00,0.1,,https://www.weex.com/copy-trading/trader/2546657020
2553208576,Trader Dogs,2,3,200,3.54,0.00,0.1,,https://www.weex.com/copy-trading/trader/2553208576
2562216784,More than six years,3,2,300,0.22,0.00,0.1,,https://www.weex.com/copy-trading/trader/2562216784
2578050011,jiu****@outlook.com,1,17,100,590.13,0.00,0.1,,https://www.weex.com/copy-trading/trader/2578050011
2605640222,BTCTX,2,4,200,-29.82,0.00,0.1,,https://www.weex.com/copy-trading/trader/2605640222
2692571512,130****7871,1,0,100,37.70,0.00,0.1,,https://www.weex.com/copy-trading/trader/2692571512
2721831192,m.m****@gmail.com,2,0,200,18.09,0.00,0.1,,https://www.weex.com/copy-trading/trader/2721831192
2729945333,cotton,2,0,200,-11.76,0.00,0.1,,https://www.weex.com/copy-trading/trader/2729945333
2733437772,notEmperor,2,2,200,2.51,0.00,0.1,,https://www.weex.com/copy-trading/trader/2733437772
2742417633,bulltraders,2,0,200,3.75,0.00,0.1,7 years of experience,https://www.weex.com/copy-trading/trader/2742417633
2781979196,aus****@gmail.com,1,0,100,40.02,0.00,0.1,,https://www.weex.com/copy-trading/trader/2781979196
2824056697,163****@qq.com,2,0,200,-21.42,0.00,0.1,,https://www.weex.com/copy-trading/trader/2824056697
2865300855,fut****@gmail.com,4,0,500,2.59,0.00,0.15,,https://www.weex.com/copy-trading/trader/2865300855
2876213329,195****@qq.com,3,0,300,233.62,0.00,0.1,,https://www.weex.com/copy-trading/trader/2876213329
2891679728,Doctor Lettuce,3,2,300,-3.97,0.00,0.1,,https://www.weex.com/copy-trading/trader/2891679728
3028712218,Winnie,1,2,100,38.22,0.00,0.1,,https://www.weex.com/copy-trading/trader/3028712218
3058793997,Steady,2,5,200,339.28,0.00,0.1,,https://www.weex.com/copy-trading/trader/3058793997
3073167516,daa****@me.com,5,129,800,-31.41,0.00,0.1,,https://www.weex.com/copy-trading/trader/3073167516
3075576599,iro****@hotmail.com,2,0,200,5.20,0.00,0.1,,https://www.weex.com/copy-trading/trader/3075576599
3084665722,RyzPavVit,1,0,100,3.98,0.00,0.1,,https://www.weex.com/copy-trading/trader/3084665722
3105607679,173****7122,3,0,300,16.45,0.00,0.1,,https://www.weex.com/copy-trading/trader/3105607679
3109580591,Changhong,5,12,800,505.04,0.00,0.2,"Low leverage, low position, strict stop loss, risk control. 1W = 0.1 times, do not close the position manually",https://www.weex.com/copy-trading/trader/3109580591
3118411515,311****@bitget.com,2,0,200,44.42,0.00,0.1,,https://www.weex.com/copy-trading/trader/3118411515
3130318805,Mengmeng,1,4,100,2282.63,0.00,0.1,,https://www.weex.com/copy-trading/trader/3130318805
3141628630,018****0857,2,0,200,-6.12,0.00,0.1,"I dont trade, this was created for fun.",https://www.weex.com/copy-trading/trader/3141628630
3176000085,Big fish and meat,3,0,300,-31.73,0.00,0.1,"Single trade 10u, no upper limit, leveraged follow-the-leader trading",https://www.weex.com/copy-trading/trader/3176000085
3176581233,Jibu,2,1,200,-370.76,0.00,0.1,"5000u is followed by 10 times, 500u by 1 time, 50u by 0.1, and so on.",https://www.weex.com/copy-trading/trader/3176581233
3209071525,Susi Sphere,3,11,300,-2.59,0.00,0.1,I’ll try to be my best — that’s my only promise.😇,https://www.weex.com/copy-trading/trader/3209071525
3219914375,408****.com,3,0,300,-5.46,0.00,0.1,,https://www.weex.com/copy-trading/trader/3219914375
3236449777,sure,2,0,200,8.51,0.00,0.1,,https://www.weex.com/copy-trading/trader/3236449777
3236650374,137****3793,2,1,200,51.52,0.00,0.1,,https://www.weex.com/copy-trading/trader/3236650374
3252450782,Angel Group,1,1,100,786.07,0.00,0.1,"Seek victory through stability, achieve big results with small investments, and remember that slow and steady wins the race.",https://www.weex.com/copy-trading/trader/3252450782
3265895858,WhaleFin,2,2,200,41.67,0.00,0.1,,https://www.weex.com/copy-trading/trader/3265895858
3291602567,TradeReplica,5,3,800,-2.99,0.00,0.2,,https://www.weex.com/copy-trading/trader/3291602567
3325033102,crypto front,1,0,100,-0.45,0.00,0.1,,https://www.weex.com/copy-trading/trader/3325033102
3330444237,Mad Max,3,17,300,12.98,0.00,0.1,"Accompany you to make a comeback 🐲 Follow the single choice [fixed ratio, 100u-500u fill in 1; 500u-1000u fill in 2; 2000u fill in 3; and so on! Will stop loss!",https://www.weex.com/copy-trading/trader/3330444237
3371791082,BoostTrade,5,0,800,-0.54,0.00,0.2,не повторяйте за мной,https://www.weex.com/copy-trading/trader/3371791082
3407670458,A giant lobster (with money in a sack),1,0,100,24.05,0.00,0.1,"Short-term trading is super profitable, swing trading is king, 1000u, 100x leverage for 1 Ethereum, increase or decrease proportionally.",https://www.weex.com/copy-trading/trader/3407670458
3412271490,Ping Ping,2,3,200,831.31,0.00,0.15,,https://www.weex.com/copy-trading/trader/3412271490
3425981218,guv****@gmail.com,2,2,200,-1.15,0.00,0.1,,https://www.weex.com/copy-trading/trader/3425981218
3440278608,For freedom,2,7,200,81.43,0.00,0.1,"The trading model has withstood the test of bull and bear markets and can generate long-term profits. The copy trading setting is fixed u, and the position is controlled by oneself. There will be no frequent opening of many positions, which is a steady and long-term flow.",https://www.weex.com/copy-trading/trader/3440278608
3453896940,goo****@gmail.com,3,0,300,-6.53,0.00,0.1,,https://www.weex.com/copy-trading/trader/3453896940
3591017086,Universe Crypto,2,2,200,2.43,0.00,0.1,98% Accuracy join for safe and profitable journey,https://www.weex.com/copy-trading/trader/3591017086
3618518199,chu****.com,2,0,200,-16.74,0.00,0.1,,https://www.weex.com/copy-trading/trader/3618518199
3645331772,Big Bull,2,0,200,-69.36,0.00,0.1,,https://www.weex.com/copy-trading/trader/3645331772
3677310926,Ugolee 01,2,2,200,-2.47,0.00,0.1,,https://www.weex.com/copy-trading/trader/3677310926
3720087430,saya,5,0,800,-24.20,0.00,0.2,,https://www.weex.com/copy-trading/trader/3720087430
3770046237,134****3647,1,0,100,12.48,0.00,0.1,,https://www.weex.com/copy-trading/trader/3770046237
3779655038,Mtacrypto2025,1,0,100,-5.50,0.00,0.1,psychologist and crypto trader,https://www.weex.com/copy-trading/trader/3779655038
3875257911,157****9191,1,0,100,-7.69,0.00,0.1,,https://www.weex.com/copy-trading/trader/3875257911
3875480828,ATM,2,0,200,-40.77,0.00,0.1,I want to be the best trader,https://www.weex.com/copy-trading/trader/3875480828
3893386023,"The winner takes all, the loser is condemned.",1,0,100,-40.09,0.00,0.1,You won't open too many orders at once and get your account wiped out.,https://www.weex.com/copy-trading/trader/3893386023
3895114589,King of the World 2,4,0,500,-5.96,0.00,0.15,Risk control daily 1%,https://www.weex.com/copy-trading/trader/3895114589
3932469665,ShortTerm,2,9,200,-0.99,0.00,0.1,,https://www.weex.com/copy-trading/trader/3932469665
3963195270,DEDUSD,2,0,200,-1.13,0.00,0.1,,https://www.weex.com/copy-trading/trader/3963195270
3974630323,jef****@hotmail.com,3,3,300,-0.15,0.00,0.1,,https://www.weex.com/copy-trading/trader/3974630323
4060389048,Financial freedom,1,9,100,188.59,0.00,0.1,,https://www.weex.com/copy-trading/trader/4060389048
4071026233,Cryptopanda,5,54,800,4.23,0.00,0.2,,https://www.weex.com/copy-trading/trader/4071026233
4094313535,yashika1,1,24,100,-3.55,0.00,0.1,,https://www.weex.com/copy-trading/trader/4094313535
4101982181,100 times in one year,1,0,100,632.42,0.00,0.1,"Set a fixed leverage of 100-200 times for 1000u, with a fixed amount of 10u per trade, and set the maximum copy trading amount to 100u-200u, and so on.",https://www.weex.com/copy-trading/trader/4101982181
4121418091,Swing Trading Genius,1,0,100,52.60,0.00,0.1,"Rebirth: I'm taking orders on Weex! I'll do the work, you can rest assured",https://www.weex.com/copy-trading/trader/4121418091
4180891667,a5a****@yopmail.com,4,0,500,-0.03,0.00,0.15,,https://www.weex.com/copy-trading/trader/4180891667
4237896271,hasannn,1,2,100,140.23,0.00,0.1,,https://www.weex.com/copy-trading/trader/4237896271
4238029682,men****@outlook.com,1,0,100,321.12,0.00,0.1,,https://www.weex.com/copy-trading/trader/4238029682
4248135263,133****8737,3,0,300,-26.36,0.00,0.1,,https://www.weex.com/copy-trading/trader/4248135263
4281097271,Dr.SwingProfit,2,0,200,133.55,0.00,0.1,Longer term swing plays. Low leverage high reward,https://www.weex.com/copy-trading/trader/4281097271
4290048935,x16****@163.com,1,12,100,2056.66,0.00,0.1,,https://www.weex.com/copy-trading/trader/4290048935
4302575248,Turnover Bull,4,1,500,3.28,0.00,0.15,"Each order can be for one large coin or fifteen two-coins, with a maximum of two large coins or thirty two-coins. Please choose the appropriate proportion based on your own financial situation.",https://www.weex.com/copy-trading/trader/4302575248
4311035614,Han Xue,2,1,200,403.62,0.00,0.1,"The fragrance of flowers attracts butterflies that dance with them, and they smile. The wind blows the flowers away, and the butterflies are reluctant to leave. Their love is so deep, how can they leave?",https://www.weex.com/copy-trading/trader/4311035614
4312806336,Cheng Feng rises,1,0,100,47.94,0.00,0.1,Firmly adhere to stop-loss orders and never hold onto losing positions; feel free to try.,https://www.weex.com/copy-trading/trader/4312806336
4382425181,Boxfed,2,3,200,16.56,0.00,0.1,I will help you achieve financial success.,https://www.weex.com/copy-trading/trader/4382425181
4405834872,deg****@gmail.com,4,0,500,6.71,0.00,0.15,,https://www.weex.com/copy-trading/trader/4405834872
4422738619,Shahin,4,0,500,6.69,0.00,0.15,,https://www.weex.com/copy-trading/trader/4422738619
4487250377,199****9798,3,0,300,6.42,0.00,0.1,,https://www.weex.com/copy-trading/trader/4487250377
4497273211,For the meeting,2,2,200,103.87,0.00,0.1,,https://www.weex.com/copy-trading/trader/4497273211
4510881677,CVO CRYPTO,3,5,300,10.44,0.00,0.1,Crypto Trader for 8 Years,https://www.weex.com/copy-trading/trader/4510881677
4514310202,Respect the market,1,7,100,18.97,0.00,0.1,,https://www.weex.com/copy-trading/trader/4514310202
4573749142,san****@outlook.com,1,8,100,456.91,0.00,0.1,,https://www.weex.com/copy-trading/trader/4573749142
4666191426,For Laugh,1,0,100,76.56,0.00,0.1,,https://www.weex.com/copy-trading/trader/4666191426
4696851668,Momo,1,14,100,-217.42,0.00,0.1,"Follow orders in proportion, keep a light position, seek stability, and see the overall benefits in the future",https://www.weex.com/copy-trading/trader/4696851668
4818757173,rbh****@gmail.com,2,0,200,1.83,0.00,0.1,,https://www.weex.com/copy-trading/trader/4818757173
4819965635,bla****@yopmail.com,2,2,200,-13.21,0.00,0.1,,https://www.weex.com/copy-trading/trader/4819965635
4832389888,Fatty pork,2,0,200,-133.00,0.00,0.1,,https://www.weex.com/copy-trading/trader/4832389888
4864856002,Mr. BTC,2,0,200,-29.27,0.00,0.1,,https://www.weex.com/copy-trading/trader/4864856002
4906434297,Dalin Chan Theory Trading System,1,0,100,24.29,0.00,0.1,"(Reject high leverage and save on transaction fees) Based on the Elliott Wave Theory trading system, focusing on the 4-hour line segment, capture 3 types of buy and sell points in the 30-minute timeframe.",https://www.weex.com/copy-trading/trader/4906434297
4982394100,jah****@126.com,2,0,200,21.54,0.00,0.1,,https://www.weex.com/copy-trading/trader/4982394100
5049001463,Ziz’,2,0,200,-9.34,0.00,0.1,,https://www.weex.com/copy-trading/trader/5049001463
5054952816,julian,1,2,100,-40.41,0.00,0.1,Personal test account,https://www.weex.com/copy-trading/trader/5054952816
5060646691,q q q q q w w w,1,0,100,-30.45,0.00,0.1,,https://www.weex.com/copy-trading/trader/5060646691
5074232744,Alex MP,3,0,300,10.88,0.00,0.1,Just working as a trader,https://www.weex.com/copy-trading/trader/5074232744
5090362970,bbbb,3,13,300,-1.72,0.00,0.1,,https://www.weex.com/copy-trading/trader/5090362970
5095887781,096****4447,3,0,300,20.18,0.00,0.1,,https://www.weex.com/copy-trading/trader/5095887781
5116209619,155****3100,2,0,200,119.14,0.00,0.1,,https://www.weex.com/copy-trading/trader/5116209619
5138996458,wee****.com,2,0,200,-2.62,0.00,0.1,123TEST,https://www.weex.com/copy-trading/trader/5138996458
5223887083,Guru,3,65,300,-5.69,0.00,0.1,,https://www.weex.com/copy-trading/trader/5223887083
5234020963,Sensei,2,2,200,-8.02,0.00,0.1,,https://www.weex.com/copy-trading/trader/5234020963
5375364162,vic****@yopmail.com,1,2,100,-0.09,0.00,0.1,,https://www.weex.com/copy-trading/trader/5375364162
5426068648,Win-win,5,0,800,5.58,0.00,0.2,"Not for anything else, but simply to safeguard your funds and create endless possibilities with me!",https://www.weex.com/copy-trading/trader/5426068648
5437691149,Crypto Hustle,1,0,100,-4.47,0.00,0.1,Too busy in making money 🪽,https://www.weex.com/copy-trading/trader/5437691149
5447504498,Zen within Zen,1,21,100,672.40,0.00,0.1,,https://www.weex.com/copy-trading/trader/5447504498
5499823226,tr0****@yopmail.com,3,0,300,-57.91,0.00,0.1,,https://www.weex.com/copy-trading/trader/5499823226
5632016480,Keep winning,5,650,800,165.80,0.00,0.2,,https://www.weex.com/copy-trading/trader/5632016480
5669531195,Hong Kong Brother takes you flying,4,1,500,29.59,0.00,0.15,High leverage rush,https://www.weex.com/copy-trading/trader/5669531195
5674005243,377****@qq.com,2,0,200,-7.89,0.00,0.1,,https://www.weex.com/copy-trading/trader/5674005243
5779318079,186****7795,4,6,500,69.59,0.00,0.15,,https://www.weex.com/copy-trading/trader/5779318079
5785406157,Wind rises and water rises,1,0,100,-113.46,0.00,0.1,,https://www.weex.com/copy-trading/trader/5785406157
5818881939,"If you don't make a profit, you can hit me.",1,1,100,0.97,0.00,0.1,,https://www.weex.com/copy-trading/trader/5818881939
5855673173,Sitting around and living off one's savings,2,0,200,466.51,0.00,0.1,,https://www.weex.com/copy-trading/trader/5855673173
5860802965,Cyber Strategist,4,6,500,589.84,0.00,0.15,"The ratio for copy trading is 1:1 for 500, 1:2 for 1000, and so on. For stable trading, avoid manually closing positions to guarantee profits. Don't dream of getting rich overnight; survival is the only guarantee of success.",https://www.weex.com/copy-trading/trader/5860802965
5876213181,A scumbag,1,0,100,17.81,0.00,0.1,,https://www.weex.com/copy-trading/trader/5876213181
5890819344,Winning Numbers,1,0,100,1.03,0.00,0.1,,https://www.weex.com/copy-trading/trader/5890819344
5927990415,307****@qq.com,2,0,200,-97.78,0.00,0.1,,https://www.weex.com/copy-trading/trader/5927990415
5952561321,Top Diamond Trading Expert,2,0,200,77.62,0.00,0.1,Lone Warrior,https://www.weex.com/copy-trading/trader/5952561321
6014987777,God of Wealth gives coins,5,0,800,22.69,0.00,0.2,We've given you guys a treat! We've given you guys a treat!,https://www.weex.com/copy-trading/trader/6014987777
6025582690,177****0987,1,0,100,48.47,0.00,0.1,,https://www.weex.com/copy-trading/trader/6025582690
6055668906,mor****@yopmail.com,1,0,100,22.30,0.00,0.1,,https://www.weex.com/copy-trading/trader/6055668906
6095406853,Brooks,2,0,200,2.44,0.00,0.1,No,https://www.weex.com/copy-trading/trader/6095406853
6201016257,ANL TEAM,1,0,100,-4.01,0.00,0.1,Kârı korumak. kazanmak kadar değerlidir,https://www.weex.com/copy-trading/trader/6201016257
6355385888,bla****@yopmail.com,3,38,300,130.48,0.00,0.1,,https://www.weex.com/copy-trading/trader/6355385888
6406514254,King of Spades,1,1,100,0.87,0.00,0.1,,https://www.weex.com/copy-trading/trader/6406514254
6557320212,Extraordinary Breeze,3,0,300,0.25,0.00,0.1,,https://www.weex.com/copy-trading/trader/6557320212
6604309952,Rainbow in the rain,2,2,200,87.49,0.00,0.1,Follow the order and search for &quot;Wandering in the Rain&quot; and that account,https://www.weex.com/copy-trading/trader/6604309952
6604747730,181****9110,1,0,100,-12.67,0.00,0.1,,https://www.weex.com/copy-trading/trader/6604747730
6607716880,For money,1,3,100,515.31,0.00,0.1,,https://www.weex.com/copy-trading/trader/6607716880
6693775014,I dare to hold positions for thousands of miles,2,0,200,26.60,0.00,0.1,,https://www.weex.com/copy-trading/trader/6693775014
6719754159,Attack on Titan,2,0,200,39.50,0.00,0.1,,https://www.weex.com/copy-trading/trader/6719754159
6731524408,dfs****@163.com,1,1,100,100.55,0.00,0.1,,https://www.weex.com/copy-trading/trader/6731524408
6746596060,Goldman Sachs - Stable Compound Interest,1,65,100,15.15,0.00,0.1,,https://www.weex.com/copy-trading/trader/6746596060
6798136450,Winnie makes a fortune in silence,2,0,200,44.92,0.00,0.1,,https://www.weex.com/copy-trading/trader/6798136450
6859102243,Digital Leonard,3,19,300,19.59,0.00,0.1,Crypto Trader & DeFi Enthusiast 🌐,https://www.weex.com/copy-trading/trader/6859102243
6935110251,Always long,1,2,100,1.27,0.00,0.1,"eth,sol",https://www.weex.com/copy-trading/trader/6935110251
7002483340,Earn more coins,1,0,100,-25.17,0.00,0.1,,https://www.weex.com/copy-trading/trader/7002483340
7053525056,153****2201,1,0,100,-21.18,0.00,0.1,,https://www.weex.com/copy-trading/trader/7053525056
7084117964,190****5675,3,0,300,-2.70,0.00,0.1,,https://www.weex.com/copy-trading/trader/7084117964
7150483688,Longlong Real-Time Trading,2,0,200,11.31,0.00,0.1,Reduce trading frequency and engage in trend trading on a weekly basis.,https://www.weex.com/copy-trading/trader/7150483688
7198133261,wee****@yopmail.com,1,0,100,0.47,0.00,0.1,,https://www.weex.com/copy-trading/trader/7198133261
7225642300,san****@outlook.com,1,7,100,449.13,0.00,0.1,,https://www.weex.com/copy-trading/trader/7225642300
7233166334,180****3798,2,1,200,12.58,0.00,0.1,"Mainly for stable landing, sometimes I will hold orders, I hope I can stop holding orders, and I will lock the positions for loss orders in the middle of the night",https://www.weex.com/copy-trading/trader/7233166334
7250123101,382****@qq.com,1,0,100,-69.84,0.00,0.1,,https://www.weex.com/copy-trading/trader/7250123101
7278451666,The Knight's Journey,1,1,100,24.74,0.00,0.1,,https://www.weex.com/copy-trading/trader/7278451666
7349870209,The Lost Lamb,3,18,300,139.57,0.00,0.1,"The truth is simple, profits and losses come from the same source, stop loss red line, cut off risks, stop profit double",https://www.weex.com/copy-trading/trader/7349870209
7360194075,cry****@gmail.com,1,2,100,-11.93,0.00,0.1,,https://www.weex.com/copy-trading/trader/7360194075
7369246058,wee****@yopmail.com,1,0,100,-61.56,0.00,0.1,,https://www.weex.com/copy-trading/trader/7369246058
7389288361,Generous Gift Crab,2,0,200,37.82,0.00,0.1,,https://www.weex.com/copy-trading/trader/7389288361
7391511123,reu****@yopmail.com,2,0,200,2.27,0.00,0.1,,https://www.weex.com/copy-trading/trader/7391511123
7420318037,Crypto Investors - Outsiders,2,10,200,940.91,0.00,0.1,"I am still that outsider blogger who has been around for 4 years, using order volume to beat all-in gamblers, and using returns to overcome all doubts about instability. Being able to double my account is a testament to my strength!",https://www.weex.com/copy-trading/trader/7420318037
7520088852,zhsbsbsh,2,1,200,0.56,0.00,0.1,,https://www.weex.com/copy-trading/trader/7520088852
7536898781,Sidekick Analyze,3,0,300,19.87,0.00,0.1,,https://www.weex.com/copy-trading/trader/7536898781
7544713402,You must stand out from the crowd,2,0,200,-11.46,0.00,0.1,They are destined for greatness!,https://www.weex.com/copy-trading/trader/7544713402
7573378119,Encrypted Leeks,2,0,200,71.15,0.00,0.1,"Whether I go all in or divide my portfolio into 15 or more positions, my total holdings will not exceed 40%. My portfolio would consist of 100 units of Bitcoin, 20 units of altcoins, and 50 units of minerals, with leverage.",https://www.weex.com/copy-trading/trader/7573378119
7601095156,Top Financial Analyst in Southeast Asia,1,0,100,-14.20,0.00,0.1,"According to the specified leverage 20x, 1000u fixed amount 100u, and so on",https://www.weex.com/copy-trading/trader/7601095156
7606185051,tra****@yopmail.com,1,0,100,-98.88,0.00,0.1,,https://www.weex.com/copy-trading/trader/7606185051
7651530185,Qiong Dao Tui Gong Yuan,1,0,100,169.37,0.00,0.1,"Waiting for the right opportunity, focusing only on BTC and ETH for the medium to long term.",https://www.weex.com/copy-trading/trader/7651530185
7675241272,hawkhawes,4,0,500,0.41,0.00,0.15,,https://www.weex.com/copy-trading/trader/7675241272
7677685732,193****@qq.com,1,0,100,15.30,0.00,0.1,,https://www.weex.com/copy-trading/trader/7677685732
7693249455,CCH TRADER,1,2,100,-56.13,0.00,0.1,"Let’s trade together, let’s make together ❤️",https://www.weex.com/copy-trading/trader/7693249455
7720262018,557****8519,2,0,200,15.38,0.00,0.1,,https://www.weex.com/copy-trading/trader/7720262018
7724339010,Livermore,2,286,200,3167.78,0.00,0.1,"The Federal Reserve has begun a cycle of interest rate cuts, which typically drives money into riskier assets such as cryptocurrencies, fueling price increases.",https://www.weex.com/copy-trading/trader/7724339010
7858512655,wee****@yopmail.com,2,2,200,12.93,0.00,0.1,,https://www.weex.com/copy-trading/trader/7858512655
7914140202,Morph,1,2,100,17.64,0.00,0.1,,https://www.weex.com/copy-trading/trader/7914140202
7991713400,flyer,2,116,200,24.90,0.00,0.1,,https://www.weex.com/copy-trading/trader/7991713400
7994083470,Wavezen,3,0,300,22.06,0.00,0.1,,https://www.weex.com/copy-trading/trader/7994083470
8013026847,Starry Sky Technique,2,0,200,-1.58,0.00,0.1,,https://www.weex.com/copy-trading/trader/8013026847
8029549949,MIKADO,2,0,200,11.04,0.00,0.1,,https://www.weex.com/copy-trading/trader/8029549949
8105758604,wee****@yopmail.com,1,0,100,0.53,0.00,0.1,,https://www.weex.com/copy-trading/trader/8105758604
8119629676,xcv****@163.com,1,1,100,78.47,0.00,0.1,,https://www.weex.com/copy-trading/trader/8119629676
8122073110,King of Eternal Profit,1,0,100,-14.90,0.00,0.1,"If you have a lot of money, follow me and you will make money.",https://www.weex.com/copy-trading/trader/8122073110
8216869258,Momentum Trader,3,0,300,-51.92,0.00,0.1,,https://www.weex.com/copy-trading/trader/8216869258
8258960551,sgpfg,2,1,200,0.98,0.00,0.1,Blq,https://www.weex.com/copy-trading/trader/8258960551
8259424565,ClaudeTrader,3,0,300,16.76,0.00,0.1,"ClaudeTrader™
The World",https://www.weex.com/copy-trading/trader/8259424565
8272320360,Acc Closed,2,10,200,3.71,0.00,0.1,"Account closed, follow new one.",https://www.weex.com/copy-trading/trader/8272320360
8427245264,oops,1,0,100,503.77,0.00,0.1,,https://www.weex.com/copy-trading/trader/8427245264
8431357444,Trading Team.X,3,12,300,-3.75,0.00,0,,https://www.weex.com/copy-trading/trader/8431357444
8435889681,bax****@gmail.com,1,91,100,0.02,0.00,0.2,کپی ترید تیم بکس ترید,https://www.weex.com/copy-trading/trader/8435889681
8476653194,The charm of trends,2,1,200,-17.17,0.00,0.1,"Slow is fast, trust the process!",https://www.weex.com/copy-trading/trader/8476653194
8504743140,men****@outlook.com,1,0,100,214.97,0.00,0.1,,https://www.weex.com/copy-trading/trader/8504743140
8531864984,153****7021,2,0,200,-37.73,0.00,0.1,,https://www.weex.com/copy-trading/trader/8531864984
8541603695,Doubling Lab,2,0,200,88.09,0.00,0.1,Reject blind all-in bets; only engage in probabilistic speculation. Every trade is a meticulously calculated &quot;chemical experiment.&quot; Achieve stable doubling of your capital curve.,https://www.weex.com/copy-trading/trader/8541603695
8543735750,Earn U,2,0,200,100.93,0.00,0.1,Earn U,https://www.weex.com/copy-trading/trader/8543735750
8559099992,Monster,1,0,100,-49.38,0.00,0.1,,https://www.weex.com/copy-trading/trader/8559099992
8578263934,Bomber,2,0,200,-40.87,0.00,0.1,Stable compound interest is the key to successful trading.,https://www.weex.com/copy-trading/trader/8578263934
8589367690,비트렉카,3,3,300,4.44,0.00,0.1,,https://www.weex.com/copy-trading/trader/8589367690
8590902121,995****0143,3,0,300,43.78,0.00,0.1,,https://www.weex.com/copy-trading/trader/8590902121
8671476474,155****5618,1,0,100,5.48,0.00,0.1,,https://www.weex.com/copy-trading/trader/8671476474
8675205358,That's all,1,0,100,69.40,0.00,0.1,Cryptocurrency trading supports everyone,https://www.weex.com/copy-trading/trader/8675205358
8686485692,Ordered to make a fortune,1,1,100,530.08,0.00,0.1,,https://www.weex.com/copy-trading/trader/8686485692
8742561247,God of Wall Street,1,0,100,-82.55,0.00,0.1,,https://www.weex.com/copy-trading/trader/8742561247
8759821708,cul****@gmail.com,3,2,300,31.99,0.00,0.1,,https://www.weex.com/copy-trading/trader/8759821708
8761734352,Snowball Challenge,3,0,300,-4.80,0.00,0.1,,https://www.weex.com/copy-trading/trader/8761734352
8813295832,The King of Blow-Up,3,1,300,62.05,0.00,0.1,,https://www.weex.com/copy-trading/trader/8813295832
8847367516,jiu****@outlook.com,1,15,100,611.60,0.00,0.1,,https://www.weex.com/copy-trading/trader/8847367516
8926647952,Together Freedom,5,401,800,69.03,0.00,0.2,,https://www.weex.com/copy-trading/trader/8926647952
8938899914,Laughing at the changing world,1,0,100,281.77,0.00,0.1,,https://www.weex.com/copy-trading/trader/8938899914
8945550807,Shuqin888,4,0,500,54.49,0.00,0.15,"For every 10,000 units of USDT traded, a stop-loss order is mandatory. For BTC, ETH, and SOLDOG, please ask questions promptly and ensure the correct ratio is set.",https://www.weex.com/copy-trading/trader/8945550807
9078904928,Xiaodao Sanrui,2,0,200,-0.87,0.00,0.1,"View the cryptocurrency market as a training ground, resist volatility with &quot;keeping still and steadfast&quot;, do not be greedy for huge profits, and only seek the principal to be stable through the bull and bear markets",https://www.weex.com/copy-trading/trader/9078904928
9082025843,bob****@icloud.com,1,0,100,-0.15,0.00,0.1,,https://www.weex.com/copy-trading/trader/9082025843
9142560870,AhmadX_18,1,15,100,-2.78,0.00,0.1,Ate snipers ponzis in breakfast 🐻,https://www.weex.com/copy-trading/trader/9142560870
9153779435,ayr****@gmail.com,1,0,100,-7.69,0.00,0.1,,https://www.weex.com/copy-trading/trader/9153779435
9264255648,cal****@gmail.com,5,0,800,0.37,0.00,0.2,"Hi, Low leverage ,1X-4X, and a few weekly trades.",https://www.weex.com/copy-trading/trader/9264255648
9295451224,Trader Shii,3,25,300,-69.22,0.00,0.1,ETH KILLER,https://www.weex.com/copy-trading/trader/9295451224
9309017862,T.C BOT,3,3,300,1.91,0.00,0.1,차별화되있는 자동매매프로그램 체이스봇의 다른이름.,https://www.weex.com/copy-trading/trader/9309017862
9326519346,133****1996,2,0,200,-16.55,0.00,0.1,,https://www.weex.com/copy-trading/trader/9326519346
9352745211,wib****@gmail.com,1,0,100,221.05,0.00,0.1,,https://www.weex.com/copy-trading/trader/9352745211
9391907814,men****@outlook.com,1,0,100,153.60,0.00,0.1,,https://www.weex.com/copy-trading/trader/9391907814
9392257011,LongFire Trading,2,0,200,9.77,0.00,0.1,,https://www.weex.com/copy-trading/trader/9392257011
9426686466,Bitcoin Matters,2,0,200,-0.66,0.00,0.1,,https://www.weex.com/copy-trading/trader/9426686466
9518561742,exs****@gmail.com,1,0,100,30.46,0.00,0.1,,https://www.weex.com/copy-trading/trader/9518561742
9585672844,Doge King,3,0,300,-30.66,0.00,0.1,"The annualized return on the target order is 100%. You must be able to wait for the order. 10,000 USD 0.2 times",https://www.weex.com/copy-trading/trader/9585672844
9645216558,Walking in the rain,3,4,300,25.71,0.00,0.1,"Proportional follow-up, 10,000u0.5 2000u0.1 Do not over-position heavy position = liquidation",https://www.weex.com/copy-trading/trader/9645216558
9664289940,calm mind,1,0,100,7.69,0.00,0.1,"Low leverage, short-term trading, take profits first.",https://www.weex.com/copy-trading/trader/9664289940
9761797290,Wave Principle,3,27,300,-109.96,0.00,0.1,"Use the trader's leverage as much as possible according to the fixed ratio of the amount. For 5,000, you can use 1:1 and open Bitcoin 400 times. In case you miss it, you will definitely make a profit! ! !",https://www.weex.com/copy-trading/trader/9761797290
9887515394,tor****@gmail.com,3,19,300,313.96,0.00,0.1,,https://www.weex.com/copy-trading/trader/9887515394
9900936197,kra****@gmail.com,2,0,200,-11.45,0.00,0.1,,https://www.weex.com/copy-trading/trader/9900936197
9916304323,A bowl of pork trotter rice every day,3,0,300,38.24,0.00,0.1,"For ultra-short-term trading, aim to earn 2% daily. Use indicators (MACD, CCI) as a reference. Please open a 1% position to follow.",https://www.weex.com/copy-trading/trader/9916304323
9943711078,Brave cowhide,5,0,800,1.75,0.00,0.2,Just do it!,https://www.weex.com/copy-trading/trader/9943711078
4424605626,iss****@gmail.com,3,43,300,0.95,-0.03,0.1,,https://www.weex.com/copy-trading/trader/4424605626
5878239085,dom****@yopmail.com,1,0,100,1.99,-0.03,0.1,,https://www.weex.com/copy-trading/trader/5878239085
7079191479,dom****@yopmail.com,1,0,100,0.18,-0.03,0.1,,https://www.weex.com/copy-trading/trader/7079191479
6118190625,d_d****@yopmail.com,1,0,100,-0.46,-0.08,0.1,,https://www.weex.com/copy-trading/trader/6118190625
2000371241,Sky Community,1,45,100,-12.23,-0.50,0.1,"Small position, mainly trading mainstream cryptocurrencies.",https://www.weex.com/copy-trading/trader/2000371241
5271915802,TheFuturesWolf,5,27,800,10.23,-0.77,0.2,I want to Lose But Market always gives me Win 😭,https://www.weex.com/copy-trading/trader/5271915802
6199031862,619****@weex.com,2,0,200,10.19,-0.79,0.1,,https://www.weex.com/copy-trading/trader/6199031862
3955956259,Navigator,1,74,100,76.81,-1.11,0.1,Short-term trading,https://www.weex.com/copy-trading/trader/3955956259
5350361480,Absolute feel for the board,3,2,300,271.85,-1.51,0.1,4000u and 1x,https://www.weex.com/copy-trading/trader/5350361480
6019591137,dom****@yopmail.com,1,1,100,-2.58,-1.66,0.1,,https://www.weex.com/copy-trading/trader/6019591137
1356334985,Dugu Nine Swords,2,4,200,8.02,-1.75,0.1,"Intraday ultra-short-term trading, not pursuing high returns, but steady and long-term",https://www.weex.com/copy-trading/trader/1356334985
9010763085,Short-term king,2,87,200,181.84,-2.26,0.1,"I am good at Ethereum contracts, please follow the orders with low multiples and light positions.",https://www.weex.com/copy-trading/trader/9010763085
5311898349,Little Bear Randomly Issues Orders,1,1,100,16.76,-2.90,0.1,"1000u is fixed at 1x, 2000u is fixed at 2x, and so on.",https://www.weex.com/copy-trading/trader/5311898349
1838972055,Come to money,1,64,100,-1.57,-3.34,0.1,,https://www.weex.com/copy-trading/trader/1838972055
7533301813,Brother Chengchuan,1,33,100,4.20,-3.69,0.1,,https://www.weex.com/copy-trading/trader/7533301813
6843349231,sho****@gmail.com,2,0,200,-0.10,-4.85,0.1,"Follow, sit back and enjoy the show",https://www.weex.com/copy-trading/trader/6843349231
7981774834,How much to win?,1,78,100,4.48,-6.40,0.1,,https://www.weex.com/copy-trading/trader/7981774834
6216130051,Tangtang,2,13,200,-55.47,-7.66,0.1,"We primarily engage in intraday scalping, only taking trades with a suitable risk-reward ratio.",https://www.weex.com/copy-trading/trader/6216130051
9655824382,Ghost Takes Flight,2,65,200,68.38,-7.69,0.1,"Fixed ratio: 100 set to 1x, 200 set to 1-2x, and so on. Wishing everyone great fortune!",https://www.weex.com/copy-trading/trader/9655824382
2082767365,NO,2,1,200,11.97,-7.90,0.1,edudhshbs,https://www.weex.com/copy-trading/trader/2082767365
6143797865,The eternal god in the currency circle_mental disease,2,48,200,-28.41,-8.00,0.1,"Unlimited orders every day, manage your positions well, do not operate on your own, and make long-term stable profits",https://www.weex.com/copy-trading/trader/6143797865
4268383967,Dongdong,2,0,200,263.38,-8.70,0.1,Only place orders you're confident in. Speed is slow; be patient and follow the trend. Be a friend of time.,https://www.weex.com/copy-trading/trader/4268383967
7320267342,Red Dead Redemption 888,4,4,500,2.31,-9.58,0.15,"Follow with 20,000 USDT at a 1x rate, stop loss at 1500 points. Responsible traders who make money by copying only trade Bitcoin and Bitcoin 2. You definitely won't make money if you're in the top three on the leaderboard.",https://www.weex.com/copy-trading/trader/7320267342
7584192202,dd_****@yopmail.com,2,1,200,2.53,-10.85,0.1,,https://www.weex.com/copy-trading/trader/7584192202
7215469441,Those who are close to me are rich,2,7,200,31.40,-11.43,0.1,,https://www.weex.com/copy-trading/trader/7215469441
8173237309,Good good good good good good good good good good,2,1,200,-59.36,-14.15,0.1,Haha ...,https://www.weex.com/copy-trading/trader/8173237309
8910646598,Mitrofan,2,0,200,-57.54,-14.32,0.1,Don,https://www.weex.com/copy-trading/trader/8910646598
5417081816,dryddd,1,1,100,25.55,-16.81,0.1,,https://www.weex.com/copy-trading/trader/5417081816
2889056905,A rebellious person,2,57,200,625.35,-17.06,0.1,"1000u ratio 1:1 Don't close your position randomly for long-term follow-up, and close your position by yourself for short-term change. Only if you can endure loneliness can you have a chance to meet big fish.",https://www.weex.com/copy-trading/trader/2889056905
2589497367,Old A,1,2,100,374.63,-18.48,0.1,"High-frequency short-term trading, primarily naked candlestick charts",https://www.weex.com/copy-trading/trader/2589497367
4458046275,All-you-can-eat,2,191,200,-0.93,-18.48,0.1,All-you-can-eat,https://www.weex.com/copy-trading/trader/4458046275
2312193234,y14****@163.com,1,15,100,2033.99,-19.50,0.1,,https://www.weex.com/copy-trading/trader/2312193234
5260593420,aw1998,1,4,100,2.16,-27.81,0.1,,https://www.weex.com/copy-trading/trader/5260593420
4534328192,Swing Trading King - Crypto,1,2,100,0.95,-29.40,0.1,"I primarily trade ETH, and occasionally BTC depending on the situation. I set stop-loss orders for every trade, and take-profit orders are usually placed during trading hours. You set your own leverage for copy trading.",https://www.weex.com/copy-trading/trader/4534328192
4707414159,Youthful spirit is a non-renewable resource.,3,0,300,43.94,-51.96,0.1,,https://www.weex.com/copy-trading/trader/4707414159
3967894787,wee****@yopmail.com,2,1,200,-26.04,-71.13,0.1,,https://www.weex.com/copy-trading/trader/3967894787
1387447178,Lewis,3,49,300,41.99,-98.50,0.1,Bitcoin faithful believer,https://www.weex.com/copy-trading/trader/1387447178
2015231083,traderunners,3,19,300,7.50,-110.33,0.1,,https://www.weex.com/copy-trading/trader/2015231083
8425244889,Crypto Commoner,2,28,200,26.95,-127.86,0.1,"A master of short-term trading, never holding losing positions, proven track record, and offers 1x leverage for copy trading. A minimum of 300 USDT is guaranteed in the contract before you follow.",https://www.weex.com/copy-trading/trader/8425244889
6128370902,Jin Mi Lingling,1,3,100,93.61,-183.39,0.1,"To facilitate managing small positions, start with a capital of 500. I will allocate profits. Use approximately 10% of your capital as a stop-loss for each trade, adjusting the risk-reward ratio accordingly. Recite this three times daily.",https://www.weex.com/copy-trading/trader/6128370902
3817945128,Smooth sailing and no worries,5,619,800,201.01,-216.55,0.2,,https://www.weex.com/copy-trading/trader/3817945128
4470875438,Wonderland in the Mirror,5,500,800,388.84,-231.13,0.2,,https://www.weex.com/copy-trading/trader/4470875438
7354843679,Wu Dongge,2,8,200,45.03,-232.18,0.1,,https://www.weex.com/copy-trading/trader/7354843679
1282000445,Coin God,5,778,800,137.38,-253.75,0.2,,https://www.weex.com/copy-trading/trader/1282000445
3877151526,HuJhuXin.live,5,578,800,-2.51,-270.25,0.15,Official S Korean Streamers CounterTrading Account,https://www.weex.com/copy-trading/trader/3877151526
1624159784,SCALP MASTER,2,13,200,54.07,-274.57,0.2,,https://www.weex.com/copy-trading/trader/1624159784
1129780134,Don't dream of getting rich overnight.,2,5,200,75.22,-470.03,0.1,I recommend a fixed 10u follow-up order; slow is fast.,https://www.weex.com/copy-trading/trader/1129780134
7907956481,Hidden Master,3,1,300,0.30,-503.18,0.1,,https://www.weex.com/copy-trading/trader/7907956481
5814726781,Niu Dada,2,2,200,38.97,-586.89,0.1,,https://www.weex.com/copy-trading/trader/5814726781
5965765968,11111,1,3,100,-40.03,-587.51,0.1,,https://www.weex.com/copy-trading/trader/5965765968
9711932682,Compound interest,4,475,500,59.49,-690.99,0.15,"Range trading, swing trading",https://www.weex.com/copy-trading/trader/9711932682
3726903390,The photographer specializes in short-term trading.,3,8,300,8.62,-780.84,0.1,"Use light positions to determine the direction, and heavy positions to capture pullbacks. Following trades is fine, but don't go all in. High leverage is beyond saving, even for a miracle worker.",https://www.weex.com/copy-trading/trader/3726903390
7376301920,Jason Statham,1,3,100,-0.18,-803.07,0.1,"Get rich, get rich",https://www.weex.com/copy-trading/trader/7376301920
4348844947,Tilapia,5,496,800,524.02,-824.20,0.2,,https://www.weex.com/copy-trading/trader/4348844947
2824765743,Win-win Short-term,3,18,300,2.94,-864.90,0.1,,https://www.weex.com/copy-trading/trader/2824765743
3259910002,Steady Money,5,687,800,175.68,-868.37,0.2,,https://www.weex.com/copy-trading/trader/3259910002
8276844944,The old man wants to eat meat.,1,3,100,-16.37,-879.82,0.1,"Full margin 5-10x, occasionally 20x, 1-3 trades per day",https://www.weex.com/copy-trading/trader/8276844944
5810387364,⛎U Sheng Chief,1,15,100,-9.80,-909.98,0.1,Uniform settings: ⛎Based on trader leverage⛎Fixed USDT⛎Enter 20 USDT for 200-500 USDT⛎Enter 40 USDT for 1000 USDT⛎Enter 80 USDT for 2000 USDT⛎And so on,https://www.weex.com/copy-trading/trader/5810387364
3850828785,Black Hand,1,8,100,-66.98,-1636.98,0.1,"Choose a fixed ratio for copy trading, with a maximum of 3 for orders under 1000. Recommended ratios are: 1 for 1000, 2 for 2000, 3 for 3000, and so on.",https://www.weex.com/copy-trading/trader/3850828785
1647559879,Sugar Pig Fortune,2,4,200,16.23,-1710.02,0.1,Making money is the top priority ☝️,https://www.weex.com/copy-trading/trader/1647559879
6385955130,yzf****@163.com,2,3,200,-0.74,-2571.50,0.1,,https://www.weex.com/copy-trading/trader/6385955130
1890105404,Endlessly,2,1,200,-12.04,-2765.00,0.1,,https://www.weex.com/copy-trading/trader/1890105404
2164419935,Pioneer Community,2,114,200,931.79,-4182.27,0.1,"Trade rationally, add to positions appropriately, follow the trend, correct mistakes, don't resist, don't be greedy, and don't be impatient.",https://www.weex.com/copy-trading/trader/2164419935
7515212467,restraint,2,2,200,263.00,-4712.87,0.1,"Don't hold orders, keep a good attitude and focus on stability. Contract trading mainstream currencies BTC ETH Don't follow those who can't hold orders",https://www.weex.com/copy-trading/trader/7515212467
8543397676,Lu Deye,2,9,200,3.99,-6303.96,0.1,🧣Lu De also Cuden,https://www.weex.com/copy-trading/trader/8543397676
4401502432,Wanbi,2,9,200,-11.60,-8493.71,0.1,"Ten years of trading career, focusing on BTC bands!",https://www.weex.com/copy-trading/trader/4401502432
5533936430,Become the person you want to be,5,612,800,273.91,-8648.77,0.2,,https://www.weex.com/copy-trading/trader/5533936430
5435894661,Ruixiang,2,7,200,17.68,-13631.33,0.1,Making money is the top priority ☝️,https://www.weex.com/copy-trading/trader/5435894661
2514908397,Soaring straight up to ninety thousand miles,5,672,800,155.17,-35818.74,0.2,"Buy where no one cares, sell when everyone's talking.",https://www.weex.com/copy-trading/trader/2514908397
7578615358,You can drive a G-Wagon too.,4,345,500,0.11,-54920.80,0.15,Only include internal followers; periodic earnings can be determined based on the actual number of followers.,https://www.weex.com/copy-trading/trader/7578615358
